{
    "_": {
        "00": 0,
        "01": 0,
        "02": 3,
        "03": 3,
        "04": 3,
        "05": 2,
        "06": 1,
        "07": 2,
        "08": 0,
        "09": 0,
        "10": 2,
        "11": 2,
        "12": 2,
        "13": 2,
        "14": 0,
        "15": 0,
        "16": 0,
        "17": 0,
        "18": 0,
        "19": 0,
        "20": 0,
        "21": 0,
        "22": 0,
        "23": 0
    },
    "distance": {
        "00": 0.0,
        "01": 0.0,
        "02": 17.300000000000182,
        "03": 0.2600000000002183,
        "04": 0.1499999999996362,
        "05": 0.010000000000218279,
        "06": 0.0,
        "07": 0.019999999999527063,
        "08": 0.0,
        "09": 0.0,
        "10": 0.010000000000218279,
        "11": 0.010000000000218279,
        "12": 0.09000000000014552,
        "13": 0.06999999999970896,
        "14": 0.0,
        "15": 0.0,
        "16": 0.0,
        "17": 0.0,
        "18": 0.0,
        "19": 0.0,
        "20": 0.0,
        "21": 0.0,
        "22": 0.0,
        "23": 0.0
    },
    "floors": {
        "00": 0,
        "01": 0,
        "02": 23,
        "03": 2,
        "04": 1,
        "05": 0,
        "06": 0,
        "07": 0,
        "08": 0,
        "09": 0,
        "10": 0,
        "11": 0,
        "12": 0,
        "13": 0,
        "14": 0,
        "15": 0,
        "16": 0,
        "17": 0,
        "18": 0,
        "19": 0,
        "20": 0,
        "21": 0,
        "22": 0,
        "23": 0
    },
    "steps": {
        "00": 0,
        "01": 0,
        "02": 40375,
        "03": 634,
        "04": 389,
        "05": 15,
        "06": 7,
        "07": 66,
        "08": 0,
        "09": 0,
        "10": 7,
        "11": 28,
        "12": 213,
        "13": 179,
        "14": 0,
        "15": 0,
        "16": 0,
        "17": 0,
        "18": 0,
        "19": 0,
        "20": 0,
        "21": 0,
        "22": 0,
        "23": 0
    }
}
